{
  "accuracy": 0.7785663591199432,
  "precision": 0.5748792270531401,
  "recall": 0.6363636363636364,
  "f1": 0.6040609137055838,
  "roc_auc": 0.8342581828515333,
  "confusion_matrix": [
    [
      859,
      176
    ],
    [
      136,
      238
    ]
  ],
  "report": "              precision    recall  f1-score   support\n\n    No churn       0.86      0.83      0.85      1035\n       Churn       0.57      0.64      0.60       374\n\n    accuracy                           0.78      1409\n   macro avg       0.72      0.73      0.73      1409\nweighted avg       0.79      0.78      0.78      1409\n",
  "report_dict": {
    "No churn": {
      "precision": 0.8633165829145729,
      "recall": 0.8299516908212561,
      "f1-score": 0.8463054187192118,
      "support": 1035.0
    },
    "Churn": {
      "precision": 0.5748792270531401,
      "recall": 0.6363636363636364,
      "f1-score": 0.6040609137055838,
      "support": 374.0
    },
    "accuracy": 0.7785663591199432,
    "macro avg": {
      "precision": 0.7190979049838565,
      "recall": 0.7331576635924462,
      "f1-score": 0.7251831662123978,
      "support": 1409.0
    },
    "weighted avg": {
      "precision": 0.7867547865397143,
      "recall": 0.7785663591199432,
      "f1-score": 0.7820048900640685,
      "support": 1409.0
    }
  },
  "data": {
    "rows": 7043,
    "features": [
      "gender",
      "SeniorCitizen",
      "Partner",
      "Dependents",
      "tenure",
      "PhoneService",
      "MultipleLines",
      "InternetService",
      "OnlineSecurity",
      "OnlineBackup",
      "DeviceProtection",
      "TechSupport",
      "StreamingTV",
      "StreamingMovies",
      "Contract",
      "PaperlessBilling",
      "PaymentMethod",
      "MonthlyCharges",
      "TotalCharges"
    ],
    "train_rows": 5634,
    "test_rows": 1409,
    "churn_rate": 0.2653698707936959
  },
  "model": {
    "type": "RandomForestClassifier",
    "n_estimators": 300,
    "max_depth": null,
    "min_samples_leaf": 2,
    "class_weight": "balanced",
    "random_state": 42
  }
}